用户名,邮箱,注册时间,上次登录,最近活跃,累计在线秒数,近30天登录次数,近30天练习次数
吉他老炮,test17@virtucoach.test,2026-06-16 17:20:22,2026-08-13 13:48:43,2026-08-13 13:48:43,53022,27,14
琴弦少年,test01@virtucoach.test,2026-06-22 15:20:22,2026-08-12 22:28:00,2026-08-13 17:12:42,43218,27,10
琴房常客,test18@virtucoach.test,2026-06-24 14:20:22,2026-08-13 10:06:32,2026-08-13 10:06:32,49629,30,13
指弹大叔,test02@virtucoach.test,2026-06-26 09:20:22,2026-08-13 09:44:03,2026-08-13 17:12:33,34344,26,12
练琴狂人,test19@virtucoach.test,2026-06-30 07:20:22,2026-08-13 13:02:16,2026-08-13 13:02:16,43894,32,13
和弦控,test03@virtucoach.test,2026-06-30 10:20:22,2026-08-13 16:03:07,2026-08-13 17:11:42,54102,29,14
节奏控,test20@virtucoach.test,2026-07-02 05:20:22,2026-08-13 13:38:15,2026-08-13 13:38:15,28719,24,8
和声迷,test21@virtucoach.test,2026-07-05 17:20:22,2026-08-13 13:18:35,2026-08-13 13:18:35,24060,23,9
民谣小白,test04@virtucoach.test,2026-07-06 09:20:22,2026-08-13 14:55:38,2026-08-13 14:55:38,17133,14,7
弹唱青年,test22@virtucoach.test,2026-07-09 09:20:22,2026-08-13 10:47:21,2026-08-13 10:47:21,20330,17,9
夜曲练习生,test05@virtucoach.test,2026-07-11 09:20:22,2026-08-13 16:51:26,2026-08-13 16:51:26,14011,22,9
木箱琴声,test23@virtucoach.test,2026-07-13 09:20:22,2026-08-13 11:22:03,2026-08-13 11:22:03,31558,25,8
深夜琴房,test24@virtucoach.test,2026-07-16 07:20:22,2026-08-13 16:57:57,2026-08-13 16:57:57,19698,25,10
吉他女神,test06@virtucoach.test,2026-07-17 17:20:22,2026-08-13 16:29:49,2026-08-13 16:29:49,12687,16,9
弦上漫步,test25@virtucoach.test,2026-07-18 07:20:22,2026-08-13 15:34:07,2026-08-13 15:34:07,21643,24,11
初学小哥,test09@virtucoach.test,2026-07-20 10:20:22,2026-08-05 20:18:00,2026-08-05 20:18:00,994,3,2
慢练派,test26@virtucoach.test,2026-07-20 12:20:22,2026-08-13 15:06:09,2026-08-13 15:06:09,23985,23,11
扫弦达人,test07@virtucoach.test,2026-07-21 05:20:22,2026-08-13 13:00:40,2026-08-13 13:00:40,19602,14,9
爬格子选手,test27@virtucoach.test,2026-07-22 09:20:22,2026-08-13 13:35:44,2026-08-13 13:35:44,24571,27,11
木吉他手,test08@virtucoach.test,2026-07-24 09:20:22,2026-08-13 14:39:14,2026-08-13 14:39:14,12349,12,6
琴弦暖男,test28@virtucoach.test,2026-07-24 11:20:22,2026-08-13 13:17:08,2026-08-13 13:17:08,22591,25,6
随便看看,test38@virtucoach.test,2026-07-25 09:20:22,2026-08-13 16:38:35,2026-08-13 16:38:35,13877,18,7
扫弦青年,test29@virtucoach.test,2026-07-26 05:20:22,2026-08-13 13:52:45,2026-08-13 13:52:45,22670,24,8
业余爱好者,test10@virtucoach.test,2026-07-26 11:20:22,2026-08-09 22:31:00,2026-08-09 22:31:00,3195,4,1
新手上路,test39@virtucoach.test,2026-07-27 07:20:22,2026-08-12 19:54:00,2026-08-12 19:54:00,10229,18,5
左手茧子,test30@virtucoach.test,2026-07-27 11:20:22,2026-08-13 12:33:38,2026-08-13 12:33:38,30178,19,8
右手节奏,test31@virtucoach.test,2026-07-28 13:20:22,2026-08-13 14:59:01,2026-08-13 14:59:01,19729,24,8
偶尔练琴,test40@virtucoach.test,2026-07-29 06:20:22,2026-08-13 15:22:44,2026-08-13 15:22:44,15688,13,7
民谣小站,test32@virtucoach.test,2026-07-29 14:20:22,2026-08-13 09:08:52,2026-08-13 09:08:52,25849,20,9
路过看看,test14@virtucoach.test,2026-07-30 07:20:22,2026-08-06 10:44:00,2026-08-06 10:44:00,20,1,0
琴房邻居,test33@virtucoach.test,2026-07-30 11:20:22,2026-08-13 09:45:58,2026-08-13 09:45:58,23544,22,7
琴弦吃灰,test41@virtucoach.test,2026-07-31 13:20:22,2026-08-13 11:29:39,2026-08-13 11:29:39,10037,20,6
晚风琴声,test34@virtucoach.test,2026-07-31 14:20:22,2026-08-13 09:46:56,2026-08-13 09:46:56,29275,23,8
半音阶,test35@virtucoach.test,2026-08-01 05:20:22,2026-08-13 12:19:18,2026-08-13 12:19:18,26394,25,10
弹琴的猫,test11@virtucoach.test,2026-08-01 08:20:22,2026-08-12 21:56:00,2026-08-12 21:56:00,3649,2,0
调弦师,test36@virtucoach.test,2026-08-02 14:20:22,2026-08-13 12:25:11,2026-08-13 12:25:11,27959,26,8
三天打鱼,test42@virtucoach.test,2026-08-02 15:20:22,2026-08-13 17:00:29,2026-08-13 17:00:29,16078,17,8
变调夹,test37@virtucoach.test,2026-08-03 16:20:22,2026-08-12 22:36:00,2026-08-12 22:36:00,23497,26,6
佛系学员,test43@virtucoach.test,2026-08-04 12:20:22,2026-08-13 16:18:00,2026-08-13 16:18:00,11261,20,7
注册试试,test15@virtucoach.test,2026-08-04 17:20:22,,,153,0,0
隔壁小刚,test12@virtucoach.test,2026-08-05 10:20:22,2026-08-07 15:27:00,2026-08-07 15:27:00,3989,6,0
摸鱼乐手,test44@virtucoach.test,2026-08-05 14:20:22,2026-08-13 16:53:04,2026-08-13 16:53:04,10015,23,8
随缘练习,test45@virtucoach.test,2026-08-06 07:20:22,2026-08-13 13:59:36,2026-08-13 13:59:36,6643,2,1
琴在角落,test46@virtucoach.test,2026-08-07 05:20:22,2026-08-01 12:58:00,2026-08-01 12:58:00,7307,3,2
Andy,137478416@qq.com,2026-08-07 16:38:15,2026-08-14 17:33:51,2026-08-14 19:04:09,10001,16,4
慢热学员,test13@virtucoach.test,2026-08-08 16:20:22,2026-08-12 08:47:00,2026-08-12 08:47:00,2857,5,2
初来乍到,test47@virtucoach.test,2026-08-08 16:20:22,2026-08-05 22:06:00,2026-08-05 22:06:00,7833,3,2
试水玩家,test48@virtucoach.test,2026-08-09 13:20:22,2026-08-07 16:35:00,2026-08-07 16:35:00,2253,8,2
三分钟热度,test16@virtucoach.test,2026-08-10 10:20:22,2026-07-17 13:33:00,2026-07-17 13:33:00,158,0,0
路过学琴,test49@virtucoach.test,2026-08-10 13:20:22,2026-08-11 22:21:00,2026-08-11 22:21:00,3435,3,0
我是猫,woshimao@outlook.com,2026-08-14 10:03:05,2026-08-18 17:46:26,2026-08-18 17:56:06,1754,6,4
冰淇淋6,bqiling@163.com,2026-08-14 14:46:18,2026-08-14 16:37:49,2026-08-14 16:37:51,1232,3,2
